{"cameraMode":{"drawMode":0,"name":"Shaded","section":"Shading Mode"},"sceneLighting":false,"audioPlay":false,"sceneViewState":{"showFog":true,"showMaterialUpdate":false,"showSkybox":true,"showFlares":true,"showImageEffects":true,"showParticleSystems":true},"in2DMode":false,"pivot":{"x":23.84000015258789,"y":1.0099999904632569,"z":8.390000343322754},"rotation":{"x":-0.4379159212112427,"y":-0.5430091619491577,"z":0.3999089300632477,"w":-0.5945590138435364},"size":120.1073989868164,"orthographic":false}